id_transaction,type_transaction,montant_fcfa,heure,solde_avant_fcfa,nb_transactions_24h,anciennete_compte_jours,nouvel_appareil,distance_habituelle_km,ratio_montant_solde,cluster,score_km,explication
TX003167,paiement_marchand,3634110.0,11.36,4220710.0,10,314,0,4.3,0.8610186437826811,3,3.310395433200004,paiement_marchand de 3 634 110 FCFA — 3.3x plus loin que la normale de son groupe : montant 3 634 110 FCFA (habituel : 15 680 FCFA) ; solde avant 4 220 710 FCFA (habituel : 84 925 FCFA)
TX007255,transfert,23010.0,18.15,23760.0,59,7,0,0.2,0.9684343434343434,4,3.2280643522863337,transfert de 23 010 FCFA — 3.2x plus loin que la normale de son groupe : transactions sur 24 h 59 (habituel : 4) ; part du solde utilisée 97% (habituel : 12%)
TX007053,transfert,21270.0,3.59,22340.0,52,10,0,5.6,0.9521038495971352,4,3.1995459046060772,transfert de 21 270 FCFA — 3.2x plus loin que la normale de son groupe : transactions sur 24 h 52 (habituel : 4) ; part du solde utilisée 95% (habituel : 12%)
TX001918,transfert,11440.0,13.04,11450.0,57,2,0,2.0,0.9991266375545852,4,3.191211526721261,transfert de 11 440 FCFA — 3.2x plus loin que la normale de son groupe : transactions sur 24 h 57 (habituel : 4) ; part du solde utilisée 100% (habituel : 12%)
TX000219,transfert,16370.0,5.43,17610.0,54,7,0,0.9,0.9295854628052242,4,3.1845105988278344,transfert de 16 370 FCFA — 3.2x plus loin que la normale de son groupe : transactions sur 24 h 54 (habituel : 4) ; part du solde utilisée 93% (habituel : 12%)
TX000109,paiement_marchand,3134510.0,9.78,3515220.0,4,207,0,1.8,0.8916966790129779,3,3.1840230299939174,paiement_marchand de 3 134 510 FCFA — 3.2x plus loin que la normale de son groupe : montant 3 134 510 FCFA (habituel : 15 680 FCFA) ; solde avant 3 515 220 FCFA (habituel : 84 925 FCFA)
TX006468,paiement_marchand,2569920.0,10.96,2910890.0,7,293,0,0.1,0.8828640037926545,3,3.1686693709164415,paiement_marchand de 2 569 920 FCFA — 3.2x plus loin que la normale de son groupe : montant 2 569 920 FCFA (habituel : 15 680 FCFA) ; solde avant 2 910 890 FCFA (habituel : 84 925 FCFA)
TX007951,transfert,16080.0,19.17,18560.0,57,4,0,14.1,0.8663793103448276,4,3.1643022706977155,transfert de 16 080 FCFA — 3.2x plus loin que la normale de son groupe : transactions sur 24 h 57 (habituel : 4) ; part du solde utilisée 87% (habituel : 12%)
TX001410,paiement_marchand,3286630.0,13.37,3694890.0,5,323,0,2.7,0.8895068594734891,3,3.1623947997889004,paiement_marchand de 3 286 630 FCFA — 3.2x plus loin que la normale de son groupe : montant 3 286 630 FCFA (habituel : 15 680 FCFA) ; solde avant 3 694 890 FCFA (habituel : 84 925 FCFA)
TX001106,paiement_marchand,1803900.0,10.06,1983200.0,13,357,0,9.1,0.9095905607099637,3,3.1530080956137114,paiement_marchand de 1 803 900 FCFA — 3.2x plus loin que la normale de son groupe : montant 1 803 900 FCFA (habituel : 15 680 FCFA) ; solde avant 1 983 200 FCFA (habituel : 84 925 FCFA)
TX007845,paiement_marchand,2954830.0,14.54,3739670.0,7,70,0,6.4,0.7901312147863314,3,3.141428903265857,paiement_marchand de 2 954 830 FCFA — 3.1x plus loin que la normale de son groupe : montant 2 954 830 FCFA (habituel : 15 680 FCFA) ; solde avant 3 739 670 FCFA (habituel : 84 925 FCFA)
TX007231,transfert,18700.0,19.2,19110.0,49,3,0,0.6,0.97854526425955,4,3.1105174300823477,transfert de 18 700 FCFA — 3.1x plus loin que la normale de son groupe : transactions sur 24 h 49 (habituel : 4) ; part du solde utilisée 98% (habituel : 12%)
TX003378,transfert,16390.0,5.02,18720.0,53,11,0,2.4,0.875534188034188,4,3.1054657638482213,transfert de 16 390 FCFA — 3.1x plus loin que la normale de son groupe : transactions sur 24 h 53 (habituel : 4) ; part du solde utilisée 88% (habituel : 12%)
TX002223,paiement_marchand,1871970.0,18.5,2334050.0,9,155,0,0.0,0.8020265204258692,3,3.098608353468345,paiement_marchand de 1 871 970 FCFA — 3.1x plus loin que la normale de son groupe : montant 1 871 970 FCFA (habituel : 15 680 FCFA) ; solde avant 2 334 050 FCFA (habituel : 84 925 FCFA)
TX003252,transfert,15620.0,23.4,17630.0,47,9,0,6.8,0.8859897901304594,4,3.096368273310134,transfert de 15 620 FCFA — 3.1x plus loin que la normale de son groupe : transactions sur 24 h 47 (habituel : 4) ; part du solde utilisée 89% (habituel : 12%)
TX003189,paiement_marchand,2700100.0,14.59,3457540.0,6,196,0,0.6,0.7809309509072925,3,3.083328595337559,paiement_marchand de 2 700 100 FCFA — 3.1x plus loin que la normale de son groupe : montant 2 700 100 FCFA (habituel : 15 680 FCFA) ; solde avant 3 457 540 FCFA (habituel : 84 925 FCFA)
TX001311,transfert,25660.0,7.14,26010.0,46,6,0,0.6,0.9865436370626682,4,3.0802353472135056,transfert de 25 660 FCFA — 3.1x plus loin que la normale de son groupe : transactions sur 24 h 46 (habituel : 4) ; part du solde utilisée 99% (habituel : 12%)
TX004891,paiement_marchand,1459680.0,10.71,1539700.0,13,152,0,1.4,0.9480288367863869,3,3.0769261491456663,paiement_marchand de 1 459 680 FCFA — 3.1x plus loin que la normale de son groupe : montant 1 459 680 FCFA (habituel : 15 680 FCFA) ; part du solde utilisée 95% (habituel : 21%)
TX004011,transfert,16760.0,19.33,16770.0,46,7,0,1.7,0.9994036970781157,4,3.070695425021109,transfert de 16 760 FCFA — 3.1x plus loin que la normale de son groupe : transactions sur 24 h 46 (habituel : 4) ; part du solde utilisée 100% (habituel : 12%)
TX005480,transfert,15930.0,20.29,16300.0,45,9,0,4.1,0.9773006134969325,4,3.0613257753757868,transfert de 15 930 FCFA — 3.1x plus loin que la normale de son groupe : transactions sur 24 h 45 (habituel : 4) ; part du solde utilisée 98% (habituel : 12%)
